{"current":{"color_text":"#3d4246","color_body_text":"#69727b","color_sale_text":"#557b97","color_button":"#06c296","color_button_text":"#ffffff","color_small_button_text_border":"#000000","color_text_field_text":"#000","color_text_field_border":"#949494","color_text_field":"#fff","color_image_overlay_text":"#ffffff","color_image_overlay":"#000000","image_overlay_opacity":20,"color_borders":"#e8e9eb","color_body_bg":"#fff","type_header_font":"work_sans_n6","type_header_base_size":24,"type_base_font":"work_sans_n4","type_base_size":16,"predictive_search_enabled":true,"predictive_search_show_vendor":false,"predictive_search_show_price":false,"share_image":"","share_facebook":true,"share_twitter":true,"share_pinterest":true,"social_twitter_link":"","social_facebook_link":"","social_pinterest_link":"","social_instagram_link":"http:\/\/instagram.com\/la.cuisinette","social_tumblr_link":"","social_snapchat_link":"","social_youtube_link":"","social_vimeo_link":"","favicon":"","enable_ajax":true,"sh_brand_color":"#ff0000","sh_border_color":"#0d0d0d","sh_header_family":"work_sans_n7","sh_header_color":"#3d4246","sh_header_font_size":24,"sh_header_line_height":1.2,"sh_paragraph_family":"work_sans_n5","sh_paragraph_color":"#3d4246","sh_paragraph_font_size":16,"sh_paragraph_line_height":1.4,"checkout_header_image":"","checkout_logo_image":"","checkout_logo_position":"left","checkout_logo_size":"medium","checkout_body_background_image":"","checkout_body_background_color":"#fff","checkout_input_background_color_mode":"transparent","checkout_sidebar_background_image":"","checkout_sidebar_background_color":"#fafafa","checkout_heading_font":"-apple-system, BlinkMacSystemFont, 'Segoe UI', Roboto, Helvetica, Arial, sans-serif, 'Apple Color Emoji', 'Segoe UI Emoji', 'Segoe UI Symbol'","checkout_body_font":"-apple-system, BlinkMacSystemFont, 'Segoe UI', Roboto, Helvetica, Arial, sans-serif, 'Apple Color Emoji', 'Segoe UI Emoji', 'Segoe UI Symbol'","checkout_accent_color":"#197bbd","checkout_button_color":"#197bbd","checkout_error_color":"#e32c2b","sections":{"header":{"type":"header","settings":{"align_logo":"left","logo":"shopify:\/\/shop_images\/logo-200-100.png","logo_max_width":100,"main_linklist":"main-menu","message":false,"home_page_only":true,"message_text":"Announce something here","message_link":"","color_bg":"#7796a8","color_text":"#fff"}},"footer":{"type":"footer","blocks":{"link_list":{"type":"link_list","settings":{"title":"Quick links","menu":"footer"}},"text":{"type":"text","settings":{"title":"LA-CUISINETTE","text":"<p>Cumhuriyet, Selimiye Cd. no:2A, 34457 Sarıyer\/İstanbul<\/p>"}}},"block_order":["link_list","text"],"settings":{"show_payment_icons":false,"color_footer_bg":"#f5f5f5","color_footer_text":"#3d4246","show_locale_selector":true,"show_currency_selector":true}},"product-template":{"type":"product-template","settings":{"show_quantity_selector":true,"show_variant_labels":true,"show_vendor":false,"enable_payment_button":true,"show_share_buttons":true,"media_size":"medium","enable_image_zoom":true,"enable_video_looping":false}},"product-recommendations":{"type":"product-recommendations","settings":{"show_product_recommendations":true,"heading":"You may also like","show_vendor":true}},"collection-template":{"type":"collection-template","settings":{"layout":"grid","grid":3,"rows":3,"show_collection_image":true,"show_vendor":false,"sort_enable":true,"tags_enable":true}},"1582826235723":{"type":"custom-content","blocks":{"1582826235723-1":{"type":"image","settings":{"image":"shopify:\/\/shop_images\/logolar_762b242b-d03d-4861-a7e5-b6a186219d35.png","width":"100%","alignment":"center"}}},"block_order":["1582826235723-1"],"settings":{"title":""}},"custom-product-template":{"type":"custom-product-template","settings":{"show_quantity_selector":false,"show_variant_labels":true,"show_vendor":false,"enable_payment_button":true,"show_share_buttons":true,"media_size":"medium","enable_image_zoom":false,"enable_video_looping":false}},"1585063459467":{"type":"slideshow","blocks":{"1585063459467-0":{"type":"image","settings":{"image":"shopify:\/\/shop_images\/hero-wheat_1_35418f21-3cc5-4cb0-8f12-f926687a6901.jpg","alignment":"center center","slide_title":"","subheading":"","button_label":"","button_link":""}},"1585063459467-1":{"type":"image","settings":{"image":"shopify:\/\/shop_images\/Hero-green-sol.jpg","alignment":"center center","slide_title":"","subheading":"","button_label":"","button_link":""}}},"block_order":["1585063459467-0","1585063459467-1"],"settings":{"slideshow_height":"adapt","text_size":"medium","text_alignment":"center center","show_overlay":false,"autorotate":true,"autorotate_speed":5}},"1585077791643":{"type":"feature-row","settings":{"image":"shopify:\/\/shop_images\/dan-meyers-0AgtPoAARtE-unsplash_1.jpg","layout":"right","title":"Biz Kimiz?","text":"<p>İsmimizin ışığında, butik &uuml;retim prensiplerine sıkı sıkı bağlanıp, kendi kontrol&uuml;m&uuml;zde olan tarlalarda yetişen organik hammaddelerle, &uuml;r&uuml;nlerimizi tutkuyla hazırlıyoruz.<\/p>\n<p>Sahip olduğumuz USDA Organic, EU organic, TR organik ve Uluslararası Vegan belgelerimiz ile bu tutkumuzu ta&ccedil;landırdık.<\/p>\n<p><\/p>\n<p>Her bir m&uuml;şterimizin markamızı g&ouml;r&uuml;nce hissetmesini istediğimiz, g&uuml;ven duygusu i&ccedil;in ilk g&uuml;nk&uuml; heyecanımız, biriken tecr&uuml;bemiz ve gelişen teknolojimizle &ccedil;alışıyoruz.<\/p>","button_label":"","button_link":""}},"1585078565091":{"type":"rich-text","settings":{"full_width":false,"section_title":"La-Cuisinette'in Mesajı","text":"<p>Yaşadığımız COVID-19 salgının en kısa s&uuml;rede son bulmasını diliyoruz.&nbsp;La-Cuisinette ailesi olarak t&uuml;m &uuml;retim s&uuml;re&ccedil;lerimizde uyulması gereken t&uuml;m y&ouml;nergeleri fazlasıyla uygulamak bizim i&ccedil;in insani bir g&ouml;revdir.<\/p>","text_size":"large"}},"1585083230007":{"type":"feature-columns","blocks":{"1585083230007-0":{"type":"text_block","settings":{"enable_image":true,"image":"shopify:\/\/shop_images\/Broccoli_10574070-ae10-48fd-9e8a-a269d4d85182.jpg","title":"Organik & Vegan Brokolili Fettuccine Makarna","text":"","button_label":"İncele","button_link":"shopify:\/\/products\/organik-vegan-brokolili-makarna"}},"1585083230007-1":{"type":"text_block","settings":{"enable_image":true,"image":"shopify:\/\/shop_images\/Beetroot_3ba66416-44fa-4193-8d4a-1cbf9b8d48ff.jpg","title":"Organik & Vegan Pancarlı Fettuccine Makarna","text":"","button_label":"İncele","button_link":"shopify:\/\/products\/organik-vegan-pancarli-makarna"}}},"block_order":["1585083230007-0","1585083230007-1"],"settings":{"title":"ORGANİK VE VEGAN ÜRÜNLERİMİZ","align_text":"left"}},"1585083998815":{"type":"feature-columns","blocks":{"1585083998815-0":{"type":"text_block","settings":{"enable_image":true,"image":"shopify:\/\/shop_images\/Spinach_db462468-ab71-4607-aea3-08a0aabb084f.jpg","title":"Organik & Vegan Ispanaklı Fettuccine Makarna","text":"","button_label":"İncele","button_link":"shopify:\/\/products\/organik-vegan-ispanakli-makarna-6li-paket"}},"1585083998815-1":{"type":"text_block","settings":{"enable_image":true,"image":"shopify:\/\/shop_images\/Olive_6c514dab-5344-40c8-a4d1-78c2f2a967ea.jpg","title":"Organik & Vegan Zeytinli Fettuccine Makarna","text":"","button_label":"İncele","button_link":"shopify:\/\/products\/zeytin"}}},"block_order":["1585083998815-0","1585083998815-1"],"settings":{"title":"","align_text":"left"}},"1585084176327":{"type":"feature-columns","blocks":{"1585084176327-0":{"type":"text_block","settings":{"enable_image":true,"image":"shopify:\/\/shop_images\/Tomato.jpg","title":"Organik & Vegan Domatesli Fettuccine Makarna","text":"","button_label":"İncele","button_link":"shopify:\/\/products\/organik-vegan-domatesli-makarna-6li-paket"}},"1585084176327-1":{"type":"text_block","settings":{"enable_image":true,"image":"shopify:\/\/shop_images\/Sweet-Paprika.jpg","title":"Organik & Vegan Tatlı Biberli Fettuccine Makarna","text":"","button_label":"İncele","button_link":"shopify:\/\/products\/organik-vegan-tatli-biberli-makarna"}}},"block_order":["1585084176327-0","1585084176327-1"],"settings":{"title":"","align_text":"left"}},"sh-julia-collection-grid-hub-1561":{"type":"sh-julia-collection-grid-hub-1561","settings":{"title":"Online Mağazamız","subtitle":"Kargo ücreti ödemeden, 3 gün içerisinde adresine teslim.","selected_collection":"organik-vegan-sebzeli-fettuccine-makarnalar","number_of_products":6,"col_per_row":3,"image_size":"270x370_crop_center","sold_out_string":"Sold out","sale_string":"Sale","new_string":"Yeni","add_cart_string":"Sepete Ekle"}},"sh-julia-collection-grid-hub-1576":{"type":"sh-julia-collection-grid-hub-1576","settings":{"title":"Online Mağaza","subtitle":"Ürünlerimizi evinizden çıkmadan sipariş edin, 3 gün içerisinde kargo ücreti olmadan kapınıza getirelim..","selected_collection":"organik-vegan-sebzeli-fettuccine-makarnalar","number_of_products":6,"col_per_row":3,"image_size":"270x370_crop_center","sold_out_string":"Sold out","sale_string":"Sale","new_string":"New","add_cart_string":"Sepete Ekle"}},"hero-hub-1580":{"type":"hero-hub-1580","settings":{"image":"shopify:\/\/shop_images\/six-pack-no-text.jpg","alignment":"center","hero_layout":"fixed_width","hero_size":"adapt","text_size":"medium","title":"Kendi Sepetini Kendin Oluştur","text":"<p>Dilersen kendi 6'lı sepetini kendin oluştur.<\/p>","button_label":"BAŞLA","button_link":"shopify:\/\/products\/ozel-sepet-organik-vegan-makarna-6li"}},"sh-julia-collection-grid-hub-1581":{"type":"sh-julia-collection-grid-hub-1581","settings":{"title":"Online Mağaza","subtitle":"Evden çıkmanıza gerek kalmadan siparişinizi verin. Kargo ücreti ödemeden 3 gün içerisinde kapınıza.","selected_collection":"organik-vegan-sebzeli-fettuccine-makarnalar","number_of_products":6,"col_per_row":3,"image_size":"270x370_crop_center","sold_out_string":"Sold out","sale_string":"Sale","new_string":"YENİ","add_cart_string":"SEPETE EKLE"}},"sh-julia-promo-1-hub-1710":{"type":"sh-julia-promo-1-hub-1710","settings":{"title":"Özel Organik & Vegan Paket","subtitle":"paketinizi dilediğiniz şekilde oluşturun.","image":"shopify:\/\/shop_images\/special-basket.jpg","content":"<p>Dilerseniz 6'lı paketinizi istediğiniz şekilde oluşturabilirsiniz.&nbsp;&nbsp;<\/p>","image_size":"original","button_text":"ÖZEL PAKET OLUŞTURMAYA BAŞLA","link":"shopify:\/\/products\/ozel-sepet-organik-vegan-makarna-6li","variant":"right_text"}},"cart-template":{"type":"cart-template","settings":{"cart_ajax_enable":true,"cart_notes_enable":false}},"1585371453784":{"type":"custom-content","disabled":true,"blocks":{"1585371473695":{"type":"html","settings":{"code":"<div class=\"to-shop\">\n  <a href=\"\/pages\/la-cuisinette-online-magaza\"> \n<img id=\"FeatureRowImage-1585404415593\" class=\"feature-row__image lazyautosizes lazyloaded\" src=\"\/\/cdn.shopify.com\/s\/files\/1\/0322\/6792\/7611\/files\/CTA-2-Magaza_200x200.jpg?v=1585404433\" data-widths=\"[180, 360, 540, 720, 900, 1080, 1296, 1512, 1728, 2048]\" data-aspectratio=\"2.5\" data-sizes=\"auto\" alt=\"\" data-srcset=\"\/\/cdn.shopify.com\/s\/files\/1\/0322\/6792\/7611\/files\/CTA-2-Magaza_180x.jpg?v=1585404433 180w, \/\/cdn.shopify.com\/s\/files\/1\/0322\/6792\/7611\/files\/CTA-2-Magaza_360x.jpg?v=1585404433 360w, \/\/cdn.shopify.com\/s\/files\/1\/0322\/6792\/7611\/files\/CTA-2-Magaza_540x.jpg?v=1585404433 540w, \/\/cdn.shopify.com\/s\/files\/1\/0322\/6792\/7611\/files\/CTA-2-Magaza_720x.jpg?v=1585404433 720w, \/\/cdn.shopify.com\/s\/files\/1\/0322\/6792\/7611\/files\/CTA-2-Magaza_900x.jpg?v=1585404433 900w, \/\/cdn.shopify.com\/s\/files\/1\/0322\/6792\/7611\/files\/CTA-2-Magaza_1080x.jpg?v=1585404433 1080w, \/\/cdn.shopify.com\/s\/files\/1\/0322\/6792\/7611\/files\/CTA-2-Magaza_1296x.jpg?v=1585404433 1296w, \/\/cdn.shopify.com\/s\/files\/1\/0322\/6792\/7611\/files\/CTA-2-Magaza_1512x.jpg?v=1585404433 1512w, \/\/cdn.shopify.com\/s\/files\/1\/0322\/6792\/7611\/files\/CTA-2-Magaza_1728x.jpg?v=1585404433 1728w, \/\/cdn.shopify.com\/s\/files\/1\/0322\/6792\/7611\/files\/CTA-2-Magaza_2048x.jpg?v=1585404433 2048w\" sizes=\"414px\" srcset=\"\/\/cdn.shopify.com\/s\/files\/1\/0322\/6792\/7611\/files\/CTA-2-Magaza_180x.jpg?v=1585404433 180w, \/\/cdn.shopify.com\/s\/files\/1\/0322\/6792\/7611\/files\/CTA-2-Magaza_360x.jpg?v=1585404433 360w, \/\/cdn.shopify.com\/s\/files\/1\/0322\/6792\/7611\/files\/CTA-2-Magaza_540x.jpg?v=1585404433 540w, \/\/cdn.shopify.com\/s\/files\/1\/0322\/6792\/7611\/files\/CTA-2-Magaza_720x.jpg?v=1585404433 720w, \/\/cdn.shopify.com\/s\/files\/1\/0322\/6792\/7611\/files\/CTA-2-Magaza_900x.jpg?v=1585404433 900w, \/\/cdn.shopify.com\/s\/files\/1\/0322\/6792\/7611\/files\/CTA-2-Magaza_1080x.jpg?v=1585404433 1080w, \/\/cdn.shopify.com\/s\/files\/1\/0322\/6792\/7611\/files\/CTA-2-Magaza_1296x.jpg?v=1585404433 1296w, \/\/cdn.shopify.com\/s\/files\/1\/0322\/6792\/7611\/files\/CTA-2-Magaza_1512x.jpg?v=1585404433 1512w, \/\/cdn.shopify.com\/s\/files\/1\/0322\/6792\/7611\/files\/CTA-2-Magaza_1728x.jpg?v=1585404433 1728w, \/\/cdn.shopify.com\/s\/files\/1\/0322\/6792\/7611\/files\/CTA-2-Magaza_2048x.jpg?v=1585404433 2048w\">\n\n  <\/a>\n<\/div>","width":"100%"}}},"block_order":["1585371473695"],"settings":{"title":""}},"1585405247746":{"type":"hero","settings":{"image":"shopify:\/\/shop_images\/CTA-2-notext-Magaza.jpg","alignment":"center","hero_layout":"fixed_width","hero_size":"adapt","text_size":"medium","title":"ONLINE MAĞAZA","text":"<p>Online mağazamızdan sipariş verip, kargo &uuml;creti &ouml;demeden organik ve vegan &uuml;r&uuml;nlerimizi sipariş edebilirsin.<\/p>","button_label":"MAĞAZAYI ZİYARET ET","button_link":"shopify:\/\/pages\/organik-vegan-magaza"}}},"content_for_index":["1585063459467","1585078565091","1585077791643","1585083230007","1585083998815","1585084176327","1585371453784","1585405247746","1582826235723"]},"presets":{"Default":{"color_text":"#3d4246","color_body_text":"#69727b","color_sale_text":"#557B97","color_borders":"#e8e9eb","color_button":"#557B97","color_button_text":"#fff","color_small_button_text_border":"#3d4246","color_text_field":"#fff","color_text_field_text":"#000","color_text_field_border":"#949494","color_image_overlay_text":"#fff","color_image_overlay":"#3d4246","image_overlay_opacity":40,"color_body_bg":"#fff","type_header_font":"work_sans_n6","type_header_base_size":26,"type_base_font":"work_sans_n4","type_base_size":16,"share_facebook":true,"share_twitter":true,"share_pinterest":true,"sections":{"header":{"type":"header","settings":{}},"hero":{"type":"hero","settings":{"text_size":"large"}},"slideshow":{"type":"slideshow","blocks":{"slideshow-0":{"type":"image","settings":{}},"slideshow-1":{"type":"image","settings":{}}},"block_order":["slideshow-0","slideshow-1"],"settings":{}},"featured-collections":{"type":"collection","settings":{"collection":"frontpage"}},"feature-row":{"type":"feature-row","settings":{}},"footer":{"type":"footer","blocks":{"link_list":{"type":"link_list","settings":{}},"text":{"type":"text","settings":{}},"newsletter":{"type":"newsletter","settings":{}}},"block_order":["link_list","text","newsletter"],"settings":{}}},"content_for_index":["hero","featured-collections","feature-row","slideshow"]},"Light":{"color_text":"#162950","color_body_text":"#6d6d6d","color_sale_text":"#DA2F0C","color_borders":"#e4e4e4","color_button":"#DA2F0C","color_button_text":"#ffffff","color_small_button_text_border":"#162950","color_text_field":"#ffffff","color_text_field_text":"#162950","color_text_field_border":"#909090","color_image_overlay_text":"#ffffff","color_image_overlay":"#3d3d3d","image_overlay_opacity":40,"color_body_bg":"#f8f8f8","type_header_font":"muli_n6","type_header_base_size":26,"type_base_font":"muli_n4","type_base_size":18,"share_facebook":true,"share_twitter":true,"share_pinterest":true,"social_twitter_link":"","social_facebook_link":"","social_pinterest_link":"","social_instagram_link":"","social_tumblr_link":"","social_snapchat_link":"","social_youtube_link":"","social_vimeo_link":"","favicon":"","checkout_header_image":"","checkout_logo_image":"","checkout_logo_position":"left","checkout_logo_size":"small","checkout_body_background_image":"","checkout_body_background_color":"#ffffff","checkout_input_background_color_mode":"white","checkout_sidebar_background_image":"","checkout_sidebar_background_color":"#e8f3f6","checkout_heading_font":"Roboto","checkout_body_font":"Source Sans Pro","checkout_accent_color":"#1990c6","checkout_button_color":"#23314e","checkout_error_color":"#ff6d6d","sections":{"header":{"type":"header","settings":{"align_logo":"left","logo":"","logo_max_width":135,"main_linklist":"main-menu","message":true,"color_bg":"#162950","color_text":"#ffffff"}},"hero":{"type":"hero","settings":{"alignment":"center","hero_size":"x-large","text_size":"large"}},"slideshow":{"type":"slideshow","blocks":{"slideshow-0":{"type":"image","settings":{"image":"","alignment":"center center"}},"1492095993817":{"type":"image","settings":{"image":"","alignment":"center"}}},"block_order":["slideshow-0","1492095993817"],"settings":{"slideshow_height":"medium","text_size":"medium","autorotate":false,"autorotate_speed":5}},"featured-collections":{"type":"collection","settings":{"grid":3,"rows":1,"show_vendor":true,"show_view_all":true}},"product-template":{"type":"product-template","settings":{"show_quantity_selector":false,"show_variant_labels":true,"show_vendor":false,"show_share_buttons":true,"media_size":"medium","enable_image_zoom":true,"enable_video_looping":false}},"collection-template":{"type":"collection-template","settings":{"layout":"grid","grid":2,"rows":2,"show_collection_image":true,"show_vendor":false,"sort_enable":true,"tags_enable":true}},"1492033809691":{"type":"map","settings":{}},"1492033877875":{"type":"quotes","blocks":{"1492033877875-0":{"type":"quote","settings":{}}},"block_order":["1492033877875-0"],"settings":{}},"1492033924902":{"type":"custom-content","blocks":{"1492033924902-0":{"type":"text","settings":{"width":"100%","alignment":"center","align_text":"center"}}},"block_order":["1492033924902-0"],"settings":{"title":""}},"1492096252560":{"type":"collection-list","blocks":{"1492096252560-0":{"type":"featured_collection","settings":{}},"1492096252560-1":{"type":"featured_collection","settings":{}},"1492096252560-2":{"type":"featured_collection","settings":{}}},"block_order":["1492096252560-0","1492096252560-1","1492096252560-2"],"settings":{"grid":3}},"blog-template":{"type":"blog-template","settings":{"layout":"grid","blog_show_author":true,"blog_show_date":false}},"article-template":{"type":"article-template","settings":{"blog_show_author":true,"blog_show_date":true,"show_share_buttons":true}},"cart-template":{"type":"cart-template","settings":{"cart_notes_enable":false}},"footer":{"type":"footer","blocks":{"link_list":{"type":"link_list","settings":{}},"text":{"type":"text","settings":{}},"newsletter":{"type":"newsletter","settings":{}}},"block_order":["link_list","text","newsletter"],"settings":{}}},"content_for_index":["hero","featured-collections","slideshow","1492033924902","1492096252560","1492033877875","1492033809691"]}}}