{"current":{"color_text":"#303030","color_body_text":"#333232","color_sale_text":"#198073","color_button":"#198073","color_button_text":"#ffffff","color_small_button_text_border":"#0b0c0b","color_text_field_text":"#000000","color_text_field_border":"#cccccc","color_text_field":"rgba(0,0,0,0)","color_image_overlay_text":"#1c1c1c","color_image_overlay":"#ffffff","image_overlay_opacity":10,"color_borders":"#ebebeb","color_body_bg":"#ffffff","type_header_font":"helvetica_n7","type_header_base_size":26,"type_base_font":"helvetica_n4","type_base_size":16,"predictive_search_enabled":true,"predictive_search_show_vendor":false,"predictive_search_show_price":false,"share_image":"","share_facebook":true,"share_twitter":true,"share_pinterest":true,"social_twitter_link":"","social_facebook_link":"","social_pinterest_link":"","social_instagram_link":"https:\/\/instagram.com\/la.cuisinette","social_tumblr_link":"","social_snapchat_link":"","social_youtube_link":"","social_vimeo_link":"","favicon":"","enable_ajax":true,"checkout_header_image":"","checkout_logo_image":"shopify:\/\/shop_images\/logo-200-100.png","checkout_logo_position":"left","checkout_logo_size":"medium","checkout_body_background_image":"","checkout_body_background_color":"#fff","checkout_input_background_color_mode":"white","checkout_sidebar_background_image":"","checkout_sidebar_background_color":"#fafafa","checkout_heading_font":"-apple-system, BlinkMacSystemFont, 'Segoe UI', Roboto, Helvetica, Arial, sans-serif, 'Apple Color Emoji', 'Segoe UI Emoji', 'Segoe UI Symbol'","checkout_body_font":"-apple-system, BlinkMacSystemFont, 'Segoe UI', Roboto, Helvetica, Arial, sans-serif, 'Apple Color Emoji', 'Segoe UI Emoji', 'Segoe UI Symbol'","checkout_accent_color":"#197bbd","checkout_button_color":"#197bbd","checkout_error_color":"#e32c2b","sections":{"header":{"type":"header","settings":{"align_logo":"left","logo":"shopify:\/\/shop_images\/logo-200-100.png","logo_max_width":100,"main_linklist":"main-menu","message":false,"home_page_only":true,"message_text":"Announce something here","message_link":"","color_bg":"#3a3a3a","color_text":"#ffffff"}},"hero-1":{"type":"hero","settings":{"image":"shopify:\/\/shop_images\/CTA-2-notext-Magaza.jpg","alignment":"center","hero_layout":"fixed_width","hero_size":"adapt","text_size":"medium","title":"ONLINE MAĞAZA","text":"<p>Online mağazamızdan sipariş verip, kargo &uuml;creti &ouml;demeden organik ve vegan &uuml;r&uuml;nlerimizi sipariş edebilirsin.<\/p>","button_label":"MAĞAZAYI ZİYARET ET","button_link":"shopify:\/\/collections\/organik-vegan-sebzeli-fettuccine-makarnalar"}},"footer":{"type":"footer","blocks":{"footer-0":{"type":"link_list","settings":{"title":"Linkler","menu":"footer"}},"1585775499079":{"type":"text","settings":{"title":"İletişim","text":"<p>Adres: Cumhuriyet mahallesi, Selimiye caddesi no:2A.<\/p>\n<p>Tel: 0 212 223 15 05<\/p>"}}},"block_order":["footer-0","1585775499079"],"settings":{"show_payment_icons":true,"color_footer_bg":"#f6f6f6","color_footer_text":"#333232","show_locale_selector":true,"show_currency_selector":true}},"1585434963342":{"type":"slideshow","blocks":{"1585434963342-0":{"type":"image","settings":{"image":"shopify:\/\/shop_images\/hero-wheat_1_35418f21-3cc5-4cb0-8f12-f926687a6901.jpg","alignment":"center center","slide_title":"","subheading":"","button_label":"","button_link":""}},"1585434963342-1":{"type":"image","settings":{"image":"shopify:\/\/shop_images\/Hero-green-sol.jpg","alignment":"center center","slide_title":"","subheading":"","button_label":"","button_link":""}}},"block_order":["1585434963342-0","1585434963342-1"],"settings":{"slideshow_height":"adapt","text_size":"medium","text_alignment":"center center","show_overlay":false,"autorotate":true,"autorotate_speed":5}},"1585435320173":{"type":"feature-columns","blocks":{"1585435320173-0":{"type":"text_block","settings":{"enable_image":true,"image":"shopify:\/\/shop_images\/Spinach_db462468-ab71-4607-aea3-08a0aabb084f.jpg","title":"Organik & Vegan Ispanaklı Fettuccine Makarna","text":"","button_label":"incele","button_link":"shopify:\/\/products\/organik-vegan-ispanakli-makarna-6li-paket"}},"1585435320173-1":{"type":"text_block","settings":{"enable_image":true,"image":"shopify:\/\/shop_images\/Tomato.jpg","title":"Organik & Vegan Domatesli Fettuccine Makarna","text":"","button_label":"incele","button_link":"shopify:\/\/products\/organik-vegan-domatesli-makarna"}}},"block_order":["1585435320173-0","1585435320173-1"],"settings":{"title":"","align_text":"left"}},"1585435444550":{"type":"feature-columns","blocks":{"1585435444550-0":{"type":"text_block","settings":{"enable_image":true,"image":"shopify:\/\/shop_images\/Olive_6c514dab-5344-40c8-a4d1-78c2f2a967ea.jpg","title":"Organik & Vegan Zeytinli Fettuccine Makarna","text":"","button_label":"incele","button_link":"shopify:\/\/products\/organik-vegan-zeytinli-makarna"}},"1585435444550-1":{"type":"text_block","settings":{"enable_image":true,"image":"shopify:\/\/shop_images\/Sweet-Paprika.jpg","title":"Organik & Vegan Tatlı Biberli Fettuccine Makarna","text":"","button_label":"incele","button_link":"shopify:\/\/products\/organik-vegan-tatli-biberli-makarna"}}},"block_order":["1585435444550-0","1585435444550-1"],"settings":{"title":"","align_text":"left"}},"1585436227081":{"type":"custom-content","blocks":{"1585436227081-0":{"type":"text","settings":{"title":"SERTİFİKALARIMIZ","text":"","width":"100%","alignment":"bottom-middle","align_text":"center"}},"1588311637916":{"type":"html","settings":{"code":"<p>Sahip olduğumuz <a href=\"https:\/\/www.usda.gov\/topics\/organic\" rel=\"noopener\" target=\"_blank\" class=\"cbs-external-link\">USDA Organic<\/a>, <a href=\"https:\/\/ec.europa.eu\/info\/food-farming-fisheries\/farming\/organic-farming_en\" target=\"_blank\" rel=\"nooopener\" class=\"cbs-external-link\">EU Organic<\/a>, <a target=\"_blank\" rel=\"nooopener\" href=\"https:\/\/www.tarimorman.gov.tr\/Konular\/Bitkisel-Uretim\/Organik-Tarim\" class=\"cbs-external-link\">TR Organik<\/a> ve <a target=\"_blank\" rel=\"nooopener\" href=\"https:\/\/www.euroveg.eu\/\" class=\"cbs-external-link\">Uluslararası Vegan <\/a> belgelerimiz ile bu tutkumuzu taçlandırdık.<\/p>\n<p>Her bir müşterimizin markamızı görünce hissetmesini istediğimiz, güven duygusu için ilk günkü heyecanımız, biriken tecrübemiz ve gelişen teknolojimizle çalışıyor ve vegan dünyanızda kalıcı olmayı planlıyoruz.<\/p>","width":"100%"}},"1585436227081-1":{"type":"image","settings":{"image":"shopify:\/\/shop_images\/logolar_762b242b-d03d-4861-a7e5-b6a186219d35.png","width":"100%","alignment":"center"}}},"block_order":["1585436227081-0","1588311637916","1585436227081-1"],"settings":{"title":""}},"collection-template":{"type":"collection-template","settings":{"layout":"grid","grid":3,"rows":2,"show_collection_image":true,"show_vendor":false,"sort_enable":false,"tags_enable":true}},"cbs-snippet":{"type":"cbs-snippet","settings":{"title_enable":true,"title":"Text columns with images"}},"hero":{"type":"hero","settings":{"image":"shopify:\/\/shop_images\/special-basket-banner-1000x400.jpg","alignment":"center","hero_layout":"fixed_width","hero_size":"adapt","text_size":"medium","title":"Kendi Sepetini Kendin Oluştur","text":"<p><strong>Dilediğin 3 adet<\/strong><\/p>\n<p><strong>sebzeli fettuccine makarnanı kendin se&ccedil;,<\/strong><\/p>\n<p><strong>&ouml;zel paketini oluştur.<\/strong><\/p>","button_label":"BAŞLA","button_link":"shopify:\/\/products\/ozel-sepet-organik-vegan-makarna-6li"}},"rich-text":{"type":"rich-text","settings":{"full_width":true,"section_title":"Online Makarna Siparişi","text":"<p>Evden &ccedil;ıkmanıza gerek kalmadan online makarna siparişinizi verin, kargo &uuml;creti &ouml;demeden 2 g&uuml;n i&ccedil;erisinde sebzeli makarnanızı kapınıza kadar getirelim. Dilediğiniz&nbsp; sebzeli makarnanızı se&ccedil;in. Arzu ederseniz, kendi se&ccedil;eceğiniz sebzeli makarna &ccedil;eşitlerimizden oluşan &ouml;zel paketinizi de yukarıdaki linke tıklayarak oluşturabilirsiniz.&nbsp;&nbsp;<a href=\"https:\/\/la-cuisinette.com\/products\/organik-vegan-ispanakli-makarna-6li-paket\"><\/a><\/p>\n<p><\/p>","text_size":"medium"}},"cart-template":{"type":"cart-template","settings":{"cart_ajax_enable":true,"cart_notes_enable":true}},"product-template-special-package":{"type":"product-template-special-package","settings":{"show_quantity_selector":false,"show_variant_labels":true,"show_vendor":false,"enable_payment_button":true,"show_share_buttons":true,"media_size":"medium","enable_image_zoom":true,"enable_video_looping":false}},"product-recommendations":{"type":"product-recommendations","settings":{"show_product_recommendations":true,"heading":"You may also like","show_vendor":false}},"feature-columns-sertifika":{"type":"feature-columns-sertifika","blocks":{"1585580958276":{"type":"text_block","settings":{"enable_image":true,"image":"shopify:\/\/shop_images\/ecocert-eu-organic.jpg","title":"","text":"","button_label":"","button_link":""}},"1585581087215":{"type":"text_block","settings":{"enable_image":true,"image":"shopify:\/\/shop_images\/ecocert-usda-organic.jpg","title":"","text":"","button_label":"","button_link":""}},"1585581139225":{"type":"text_block","settings":{"enable_image":true,"image":"shopify:\/\/shop_images\/ecocert-tr-organic.jpg","title":"","text":"","button_label":"","button_link":""}},"1585581159256":{"type":"text_block","settings":{"enable_image":true,"image":"shopify:\/\/shop_images\/Group_45.jpg","title":"","text":"","button_label":"","button_link":""}},"1585581181011":{"type":"text_block","settings":{"enable_image":true,"image":"shopify:\/\/shop_images\/Group_43.jpg","title":"","text":"","button_label":"","button_link":""}},"1585581198774":{"type":"text_block","settings":{"enable_image":true,"image":"shopify:\/\/shop_images\/Group_44.jpg","title":"","text":"","button_label":"","button_link":""}}},"block_order":["1585580958276","1585581087215","1585581139225","1585581159256","1585581181011","1585581198774"],"settings":{"title":"","align_text":"left"}},"1585778982472":{"type":"custom-content","blocks":{"1585779028034":{"type":"html","settings":{"code":"<h3 class=\"h3\">Biz Kimiz?<\/h3>\n<p>İsmimizin ışığında, butik üretim prensiplerine sıkı sıkı bağlanıp, kendi kontrolümüzde olan tarlalarda yetişen organik hammaddelerle, ürünlerimizi tutkuyla hazırlıyoruz.<\/p>\n<p>Her bir müşterimizin markamızı görünce hissetmesini istediğimiz, güven duygusu için ilk günkü heyecanımız, biriken tecrübemiz ve gelişen teknolojimizle çalışıyor ve vegan dünyanızda kalıcı olmayı planlıyoruz.<\/p>","width":"50%"}},"1585778982472-1":{"type":"image","settings":{"image":"shopify:\/\/shop_images\/dan-meyers-0AgtPoAARtE-unsplash_1.jpg","width":"50%","alignment":"center"}}},"block_order":["1585779028034","1585778982472-1"],"settings":{"title":"LA-CUISINETTE Organik ve Vegan Sebzeli Makarnalar"}},"1585780642266":{"type":"custom-content","blocks":{"1585780716268":{"type":"html","settings":{"code":"<h2>SADECE ORGANİK VE VEGAN ÜRETİM YAPIYORUZ<\/h2>\n<p>La-Cuisinette olarak yalnızca vegan yemek kriterlerini karşılayan organik ürünler üretiyoruz. Organik gıda ve vegan dünyasına sebzeli makarna çeşitlerimizle sağlıklı çözümler getiriyoruz. Bu süreçte Avrupa, ABD, ve Türkiye için geçerli olan organik <a href=\"\/pages\/sertifikalar%C4%B1m%C4%B1z\" rel=\"noopener\" target=\"_blank\" class=\"cbs-external-link\">sertifikalarımız<\/a> ile global bir marka olma yolunda ilerliyoruz. Tatlı biberli, zeytinli, brokolili, ıspanaklı, domatesli ve pancarlı makarnalarımız ile organik ve vegan dünyanızda kalıcı olmayı planlıyoruz.\n<\/p><p>Blog yazılarımızla da ülkemizin organik ve vegan kültür dünyasına elimizden geldiğince katkıda bulunmayı hedefliyoruz. Pek yakında zenginleştirmeyi planladığımız blog yazılarımız arasından <a href=\"\/blogs\/yazilar\/organik-tarim\" rel=\"noopener\" target=\"_blank\" class=\"cbs-external-link\"><strong><em>Organik Tarım Nedir?<\/em><\/strong><\/a> başlıklı makalemizi okudunuz mu?<\/p>\n<p><\/p>","width":"100%"}}},"block_order":["1585780716268"],"settings":{"title":""}},"1585781056251":{"type":"custom-content","blocks":{"1585781072321":{"type":"html","settings":{"code":"<section class=\"cbs-site-message\">\n<p class=\"cbs-site-message-header h4 text-align-c\">LA-CUISINETTE'İN MESAJI<\/p>\n<p class=\"cbs-site-message-text text-align-c\">Yaşadığımız COVID-19 salgının en kısa sürede son bulmasını diliyoruz. La-Cuisinette ailesi olarak tüm üretim süreçlerimizde uyulması gereken tüm yönergeleri fazlasıyla uygulamak bizim için insani bir görevdir.<\/p>\n<\/section>","width":"100%"}}},"block_order":["1585781072321"],"settings":{"title":""}},"1586294678188":{"type":"feature-columns","blocks":{"1586294678188-0":{"type":"text_block","settings":{"enable_image":true,"image":"shopify:\/\/shop_images\/Beetroot.png","title":"Organic & Vegan Beetroot Pasta - Fettuccine","text":"","button_label":"SEE","button_link":"shopify:\/\/products\/organik-vegan-pancarli-makarna"}},"1586294678188-1":{"type":"text_block","settings":{"enable_image":true,"image":"shopify:\/\/shop_images\/Spinach.png","title":"Organic & Vegan Beetroot Pasta - Fettuccine","text":"","button_label":"See","button_link":"shopify:\/\/products\/organik-vegan-brokolili-makarna"}},"1586294678188-2":{"type":"text_block","settings":{"enable_image":true,"image":"shopify:\/\/shop_images\/Sweet-Paprika.png","title":"Organic & Vegan Sweet Paprika Pasta - Fettuccine","text":"","button_label":"SEE","button_link":"shopify:\/\/products\/organik-vegan-tatli-biberli-makarna"}},"1586294865536":{"type":"text_block","settings":{"enable_image":true,"image":"shopify:\/\/shop_images\/Broccoli.png","title":"Organic & Vegan Spinach Pasta - Fettuccine","text":"","button_label":"SEE","button_link":"shopify:\/\/products\/organik-vegan-ispanakli-makarna-6li-paket"}},"1586294899894":{"type":"text_block","settings":{"enable_image":true,"image":"shopify:\/\/shop_images\/Tomato.png","title":"Organic & Vegan Tomato Pasta - Fettuccine","text":"","button_label":"SEE","button_link":"shopify:\/\/products\/organik-vegan-domatesli-makarna"}},"1586294942297":{"type":"text_block","settings":{"enable_image":true,"image":"shopify:\/\/shop_images\/Olive.png","title":"Organic & Vegan Olive Pasta - Fettuccine","text":"","button_label":"See","button_link":"shopify:\/\/products\/organik-vegan-zeytinli-makarna"}}},"block_order":["1586294678188-0","1586294678188-1","1586294678188-2","1586294865536","1586294899894","1586294942297"],"settings":{"title":"","align_text":"left"}},"1586298827232":{"type":"feature-columns-sertifika","blocks":{"1586298827232-0":{"type":"text_block","settings":{"enable_image":true,"image":"shopify:\/\/shop_images\/Beetroot_3ba66416-44fa-4193-8d4a-1cbf9b8d48ff.jpg","title":"Organik & Vegan Pancarlı Fettuccine Makarna","text":"","button_label":"İNCELE","button_link":"shopify:\/\/products\/organik-vegan-pancarli-makarna"}},"1586298827232-1":{"type":"text_block","settings":{"enable_image":true,"image":"shopify:\/\/shop_images\/Broccoli_10574070-ae10-48fd-9e8a-a269d4d85182.jpg","title":"Organik & Vegan Brokolili Fettuccine Makarna","text":"","button_label":"İNCELE","button_link":"shopify:\/\/products\/organik-vegan-brokolili-makarna"}}},"block_order":["1586298827232-0","1586298827232-1"],"settings":{"title":"SEBZELİ MAKARNALAR","align_text":"left"}},"article-template":{"type":"article-template","settings":{"blog_show_author":false,"blog_show_date":true,"show_share_buttons":true}},"blog-template":{"type":"blog-template","settings":{"layout":"grid","blog_show_author":false,"blog_show_date":false}},"1587004626079":{"type":"featured-blog","settings":{"title":"Blog Yazıları","blog":"yazilar","post_limit":3,"blog_show_author":false,"blog_show_date":true,"show_view_all":false}}},"content_for_index":["1585434963342","1585778982472","1585780642266","1585781056251","1586298827232","1585435320173","1585435444550","1586294678188","hero-1","1587004626079","1585436227081"]},"presets":{"Default":{"sections":{"header":{"type":"header","settings":{}},"hero-1":{"type":"hero","settings":{"hero_size":"large","text_size":"large"}},"feature-row":{"type":"feature-row","settings":{}},"feature-columns":{"type":"feature-columns","blocks":{"feature-columns-0":{"type":"text_block","settings":{}},"feature-columns-1":{"type":"text_block","settings":{}},"feature-columns-2":{"type":"text_block","settings":{}}},"block_order":["feature-columns-0","feature-columns-1","feature-columns-2"],"settings":{"title":""}},"collection":{"type":"collection","settings":{"grid":4}},"hero-2":{"type":"hero","settings":{"text_size":"large"}},"quotes":{"type":"quotes","blocks":{"quotes-0":{"type":"quote","settings":{}},"quotes-1":{"type":"quote","settings":{}},"quotes-2":{"type":"quote","settings":{}}},"block_order":["quotes-0","quotes-1","quotes-2"],"settings":{"title":""}},"image-bar":{"type":"image-bar","blocks":{"image-bar-0":{"type":"image","settings":{}},"image-bar-1":{"type":"image","settings":{}},"image-bar-2":{"type":"image","settings":{}}},"block_order":["image-bar-0","image-bar-1","image-bar-2"],"settings":{}},"footer":{"type":"footer","blocks":{"footer-0":{"type":"link_list","settings":{}},"footer-1":{"type":"newsletter","settings":{}}},"block_order":["footer-0","footer-1"],"settings":{"show_payment_icons":true}}},"content_for_index":["hero-1","feature-row","feature-columns","collection","hero-2","quotes","image-bar"]},"Light":{"color_text":"#162950","color_body_text":"#6d6d6d","color_sale_text":"#DA2F0C","color_borders":"#e4e4e4","color_button":"#DA2F0C","color_button_text":"#ffffff","color_small_button_text_border":"#162950","color_text_field":"#ffffff","color_text_field_text":"#162950","color_text_field_border":"#909090","color_image_overlay_text":"#ffffff","color_image_overlay":"#3d3d3d","image_overlay_opacity":40,"color_body_bg":"#f8f8f8","type_header_font":"muli_n6","type_header_base_size":26,"type_base_font":"muli_n4","type_base_size":18,"share_facebook":true,"share_twitter":true,"share_pinterest":true,"social_twitter_link":"","social_facebook_link":"","social_pinterest_link":"","social_instagram_link":"","social_tumblr_link":"","social_snapchat_link":"","social_youtube_link":"","social_vimeo_link":"","favicon":"","checkout_header_image":"","checkout_logo_image":"","checkout_logo_position":"left","checkout_logo_size":"small","checkout_body_background_image":"","checkout_body_background_color":"#ffffff","checkout_input_background_color_mode":"white","checkout_sidebar_background_image":"","checkout_sidebar_background_color":"#e8f3f6","checkout_heading_font":"Roboto","checkout_body_font":"Source Sans Pro","checkout_accent_color":"#1990c6","checkout_button_color":"#23314e","checkout_error_color":"#ff6d6d","sections":{"header":{"type":"header","settings":{"align_logo":"left","logo":"","logo_max_width":135,"main_linklist":"main-menu","message":true,"color_bg":"#162950","color_text":"#ffffff"}},"hero":{"type":"hero","settings":{"alignment":"center","hero_size":"x-large","text_size":"large"}},"slideshow":{"type":"slideshow","blocks":{"slideshow-0":{"type":"image","settings":{"image":"","alignment":"center center"}},"1492095993817":{"type":"image","settings":{"image":"","alignment":"center"}}},"block_order":["slideshow-0","1492095993817"],"settings":{"slideshow_height":"medium","text_size":"medium","autorotate":false,"autorotate_speed":5}},"featured-collections":{"type":"collection","settings":{"grid":3,"rows":1,"show_vendor":true,"show_view_all":true}},"product-template":{"type":"product-template","settings":{"show_quantity_selector":false,"show_variant_labels":true,"show_vendor":false,"show_share_buttons":true,"media_size":"medium","enable_image_zoom":true,"enable_video_looping":false}},"collection-template":{"type":"collection-template","settings":{"layout":"grid","grid":2,"rows":2,"show_collection_image":true,"show_vendor":false,"sort_enable":true,"tags_enable":true}},"1492033809691":{"type":"map","settings":{}},"1492033877875":{"type":"quotes","blocks":{"1492033877875-0":{"type":"quote","settings":{}}},"block_order":["1492033877875-0"],"settings":{}},"1492033924902":{"type":"custom-content","blocks":{"1492033924902-0":{"type":"text","settings":{"width":"100%","alignment":"center","align_text":"center"}}},"block_order":["1492033924902-0"],"settings":{"title":""}},"1492096252560":{"type":"collection-list","blocks":{"1492096252560-0":{"type":"featured_collection","settings":{}},"1492096252560-1":{"type":"featured_collection","settings":{}},"1492096252560-2":{"type":"featured_collection","settings":{}}},"block_order":["1492096252560-0","1492096252560-1","1492096252560-2"],"settings":{"grid":3}},"blog-template":{"type":"blog-template","settings":{"layout":"grid","blog_show_author":true,"blog_show_date":false}},"article-template":{"type":"article-template","settings":{"blog_show_author":true,"blog_show_date":true,"show_share_buttons":true}},"cart-template":{"type":"cart-template","settings":{"cart_notes_enable":false}},"footer":{"type":"footer","blocks":{"link_list":{"type":"link_list","settings":{}},"text":{"type":"text","settings":{}},"newsletter":{"type":"newsletter","settings":{}}},"block_order":["link_list","text","newsletter"],"settings":{"color_footer_bg":"#f8f8f8","color_footer_text":"#6d6d6d"}}},"content_for_index":["hero","featured-collections","slideshow","1492033924902","1492096252560","1492033877875","1492033809691"]}}}